,0,1,2,3,4,5,6,7,8
0,0.81,0.85,0.47,0.37,0.5,0.0,0.56,0.22,1
1,0.7,0.58,0.53,0.39,0.5,0.0,0.59,0.22,1
2,0.72,0.73,0.41,0.28,0.5,0.0,0.44,0.22,1
3,0.78,0.69,0.44,0.26,0.5,0.0,0.54,0.22,1
4,0.74,0.82,0.46,0.24,0.5,0.0,0.48,0.22,1
5,0.92,0.66,0.52,0.23,0.5,0.0,0.53,0.22,1
6,0.85,0.85,0.3,0.31,0.5,0.0,0.55,0.42,1
7,0.68,0.68,0.49,0.15,0.5,0.0,0.53,0.22,1
8,0.69,0.66,0.36,0.09,0.5,0.0,0.56,0.22,1
9,0.85,0.69,0.34,0.31,0.5,0.0,0.57,0.3,1
10,0.44,0.38,0.48,0.32,0.5,0.83,0.53,0.22,1
11,0.78,0.71,0.35,0.25,0.5,0.0,0.49,0.22,1
12,0.84,0.63,0.38,0.23,0.5,0.0,0.53,0.22,1
13,0.76,0.76,0.35,0.27,0.5,0.0,0.44,0.22,1
14,0.8,0.83,0.43,0.24,0.5,0.0,0.54,0.22,1
15,0.74,0.72,0.47,0.25,0.5,0.0,0.57,0.22,1
16,0.77,0.86,0.44,0.27,0.5,0.0,0.48,0.22,1
17,0.85,0.85,0.3,0.31,0.5,0.0,0.55,0.42,1
18,0.89,0.81,0.36,0.71,0.5,0.0,0.55,0.63,1
19,0.89,0.77,0.36,0.34,0.5,0.0,0.44,0.22,1
20,0.7,0.69,0.43,0.33,0.5,0.0,0.58,0.22,1
21,0.45,0.41,0.5,0.46,0.5,0.5,0.5,0.27,1
22,0.8,0.73,0.47,0.19,0.5,0.0,0.49,0.22,1
23,0.5,0.51,0.57,0.27,0.5,0.0,0.48,0.22,1
24,0.46,0.42,0.6,0.21,0.5,0.0,0.4,0.22,1
25,0.82,0.63,0.47,0.18,0.5,0.0,0.5,0.22,1
26,0.87,0.83,0.57,0.36,0.5,0.0,0.36,0.22,1
27,0.83,0.94,0.32,0.21,0.5,0.0,0.51,0.22,1
28,0.82,0.75,0.54,0.23,0.5,0.0,0.46,0.22,1
29,0.74,0.71,0.52,0.3,0.5,0.0,0.27,0.22,1
30,0.8,0.63,0.45,0.29,0.5,0.0,0.51,0.22,1
31,0.77,0.73,0.51,0.27,0.5,0.0,0.34,0.22,1
32,0.74,0.72,0.5,0.28,0.5,0.0,0.5,0.27,1
33,0.74,0.75,0.45,0.44,0.5,0.0,0.52,0.22,1
34,0.66,0.65,0.54,0.4,0.5,0.0,0.51,0.22,1
35,0.73,0.83,0.43,0.3,0.5,0.0,0.55,0.22,1
36,0.79,0.74,0.49,0.33,0.5,0.0,0.48,0.22,1
37,0.77,0.79,0.58,0.23,0.5,0.0,0.48,0.22,1
38,0.68,0.58,0.51,0.19,0.5,0.83,0.54,0.22,1
39,0.8,0.81,0.55,0.35,0.5,0.0,0.42,0.22,1
40,0.8,0.79,0.43,0.25,0.5,0.0,0.52,0.22,1
41,0.74,0.73,0.32,0.2,0.5,0.0,0.55,0.22,1
42,0.32,0.68,0.51,0.16,0.5,0.83,0.55,0.22,1
43,0.41,0.59,0.46,0.19,0.5,0.0,0.36,0.22,1
44,0.77,0.72,0.48,0.26,0.5,0.0,0.51,0.22,1
45,0.46,0.48,0.44,0.21,0.5,0.0,0.55,0.22,1
46,0.77,0.68,0.35,0.19,0.5,0.0,0.53,0.43,1
47,0.71,0.79,0.41,0.38,0.5,0.0,0.54,0.22,1
48,0.75,0.7,0.38,0.27,0.5,0.0,0.49,0.22,1
49,0.81,0.82,0.41,0.36,0.5,0.0,0.39,0.22,1
50,0.78,0.73,0.27,0.28,0.5,0.0,0.56,0.22,1
51,0.78,0.7,0.32,0.23,0.5,0.0,0.53,0.22,1
52,0.79,0.79,0.42,0.26,0.5,0.0,0.6,0.22,1
53,0.49,0.27,0.57,0.18,0.5,0.83,0.54,0.22,1
54,0.68,0.59,0.44,0.49,0.5,0.0,0.4,0.26,1
55,0.71,0.64,0.42,0.28,0.5,0.0,0.43,0.22,1
56,0.42,0.5,0.53,0.22,0.5,0.83,0.5,0.22,1
57,0.44,0.53,0.52,0.23,0.5,0.83,0.51,0.22,1
58,0.88,0.72,0.32,0.3,0.5,0.0,0.52,0.33,1
59,0.51,0.65,0.53,0.19,0.5,0.0,0.49,0.22,1
60,0.74,0.82,0.46,0.24,0.5,0.0,0.5,0.31,1
61,0.81,0.79,0.32,0.37,0.5,0.0,0.41,0.22,1
62,0.46,0.37,0.48,0.36,0.5,0.0,0.48,0.22,1
63,0.77,0.87,0.47,0.37,0.5,0.0,0.48,0.22,1
64,0.61,0.72,0.31,0.33,0.5,0.0,0.56,0.22,0
65,0.29,0.26,0.43,0.17,0.5,0.0,0.55,0.3,0
66,0.45,0.73,0.47,0.65,0.5,0.0,0.54,0.43,0
67,0.55,0.63,0.54,0.16,0.5,0.0,0.45,0.27,0
68,0.5,0.4,0.56,0.7,0.5,0.0,0.5,0.22,0
69,0.43,0.51,0.48,0.14,0.5,0.0,0.5,0.22,0
70,0.59,0.54,0.53,0.14,0.5,0.0,0.48,0.22,0
71,0.36,0.49,0.3,0.22,0.5,0.0,0.52,0.31,0
72,0.54,0.52,0.63,0.37,0.5,0.0,0.46,0.22,0
73,0.49,0.47,0.52,0.16,0.5,0.0,0.53,0.28,0
74,0.63,0.64,0.45,0.26,0.5,0.0,0.43,0.22,0
75,0.35,0.47,0.53,0.19,0.5,0.0,0.48,0.22,0
76,0.59,0.61,0.34,0.22,0.5,0.0,0.51,0.22,0
77,0.36,0.46,0.62,0.46,0.5,0.0,0.51,0.33,0
78,0.65,0.62,0.26,0.33,0.5,0.0,0.55,0.22,0
79,0.5,0.49,0.46,0.22,0.5,0.0,0.53,0.25,0
80,0.6,0.47,0.45,0.22,0.5,0.0,0.51,0.29,0
81,0.45,0.52,0.5,0.12,0.5,0.0,0.6,0.22,0
82,0.26,0.5,0.33,0.28,0.5,0.0,0.51,0.22,0
83,0.49,0.6,0.3,0.34,0.5,0.0,0.5,0.43,0
84,0.25,0.48,0.45,0.32,0.5,0.0,0.4,0.22,0
85,0.49,0.42,0.56,0.55,0.5,0.0,0.42,0.25,0
86,0.48,0.58,0.47,0.17,0.5,0.0,0.53,0.74,0
87,0.63,0.64,0.45,0.26,0.5,0.0,0.43,0.22,0
88,0.35,0.49,0.47,0.22,0.5,0.0,0.5,0.28,0
89,0.53,0.44,0.51,0.33,0.5,0.0,0.52,0.22,0
90,0.47,0.52,0.5,0.4,0.5,0.0,0.41,0.22,0
91,0.44,0.39,0.53,0.14,0.5,0.0,0.54,0.44,0
92,0.58,0.45,0.48,0.24,0.5,0.0,0.52,0.37,0
93,0.44,0.49,0.49,0.27,0.5,0.0,0.52,0.22,0
94,0.57,0.53,0.53,0.34,0.5,0.0,0.53,0.22,0
95,0.68,0.53,0.44,0.31,0.5,0.0,0.51,0.22,0
96,0.38,0.42,0.5,0.19,0.5,0.0,0.44,0.22,0
97,0.51,0.48,0.51,0.19,0.5,0.0,0.51,0.27,0
98,0.52,0.56,0.54,0.53,0.5,0.0,0.45,0.22,0
99,0.51,0.4,0.5,0.28,0.5,0.0,0.48,0.27,0
100,0.51,0.49,0.48,0.55,0.5,0.0,0.52,0.58,0
101,0.52,0.46,0.56,0.2,0.5,0.0,0.5,0.22,0
102,0.69,0.39,0.52,0.12,0.5,0.0,0.38,0.35,0
103,0.46,0.44,0.58,0.17,0.5,0.0,0.55,0.22,0
104,0.61,0.5,0.61,0.21,0.5,0.0,0.55,0.54,0
105,0.6,0.59,0.47,0.47,0.5,0.0,0.53,0.22,0
106,0.42,0.37,0.54,0.17,0.5,0.0,0.51,0.22,0
107,0.47,0.54,0.37,0.14,0.5,0.0,0.5,0.22,0
108,0.46,0.46,0.53,0.23,0.5,0.0,0.51,0.22,0
109,0.45,0.58,0.59,0.44,0.5,0.0,0.56,0.22,0
110,0.47,0.39,0.5,0.11,0.5,0.0,0.49,0.4,0
111,0.62,0.42,0.47,0.16,0.5,0.0,0.52,0.22,0
112,0.27,0.41,0.24,0.2,0.5,0.0,0.49,0.22,0
113,0.38,0.46,0.52,0.75,0.5,0.0,0.5,0.26,0
114,0.36,0.4,0.53,0.48,0.5,0.0,0.48,0.22,0
115,0.37,0.3,0.62,0.43,0.5,0.0,0.44,0.39,0
116,0.45,0.57,0.3,0.17,0.5,0.0,0.51,0.22,0
117,0.66,0.52,0.52,0.44,0.5,0.0,0.56,0.27,0
118,0.51,0.42,0.56,0.38,0.5,0.0,0.46,0.22,0
119,0.41,0.3,0.49,0.28,0.5,0.0,0.54,0.22,0
120,0.52,0.62,0.54,0.19,0.5,0.0,0.5,0.22,0
121,0.25,0.26,0.53,0.17,0.5,0.0,0.45,0.22,0
122,0.53,0.5,0.54,0.56,0.5,0.0,0.49,0.41,0
123,0.45,0.4,0.56,0.14,0.5,0.0,0.54,0.22,0
124,0.65,0.58,0.53,0.21,0.5,0.0,0.51,0.22,0
125,0.47,0.61,0.32,0.27,0.5,0.0,0.5,0.3,0
126,0.51,0.46,0.41,0.36,0.5,0.0,0.49,0.22,0
127,0.52,0.47,0.58,0.18,0.5,0.0,0.34,0.11,0
128,0.62,0.33,0.49,0.24,0.5,0.0,0.51,0.42,0
129,0.5,0.62,0.54,0.66,0.5,0.0,0.49,0.22,0
130,0.59,0.53,0.43,0.44,0.5,0.0,0.5,0.22,0
131,0.59,0.46,0.48,0.46,0.5,0.0,0.49,0.22,0
132,0.63,0.56,0.45,0.58,0.5,0.0,0.51,0.22,0
133,0.52,0.51,0.51,0.54,0.5,0.0,0.55,0.27,0
134,0.57,0.61,0.45,0.26,0.5,0.0,0.5,0.22,0
135,0.48,0.45,0.59,0.35,0.5,0.0,0.55,0.3,0
136,0.51,0.51,0.32,0.27,0.5,0.0,0.54,0.22,0
137,0.56,0.55,0.57,0.15,0.5,0.0,0.54,0.25,0
138,0.55,0.51,0.54,0.2,0.5,0.0,0.56,0.22,0
139,0.49,0.38,0.56,0.09,0.5,0.0,0.46,0.22,0
140,0.49,0.45,0.54,0.4,0.5,0.0,0.55,0.22,0
141,0.54,0.55,0.55,0.4,0.5,0.0,0.53,0.22,0
142,0.38,0.42,0.31,0.35,0.5,0.0,0.52,0.22,0
143,0.44,0.55,0.51,0.16,0.5,0.0,0.6,0.22,0
144,0.5,0.62,0.52,0.3,0.5,0.0,0.56,0.22,0
145,0.54,0.48,0.55,0.33,0.5,0.0,0.55,0.4,0
146,0.57,0.47,0.48,0.17,0.5,0.0,0.52,0.26,0
147,0.35,0.45,0.43,0.11,0.5,0.0,0.56,0.22,0
148,0.59,0.46,0.55,0.17,0.5,0.0,0.52,0.25,0
149,0.27,0.56,0.56,0.18,0.5,0.0,0.52,0.22,0
150,0.48,0.39,0.51,0.21,0.5,0.0,0.52,0.28,0
151,0.61,0.55,0.51,0.26,0.5,0.0,0.52,0.22,0
152,0.35,0.36,0.57,0.17,0.5,0.0,0.52,0.22,0
153,0.53,0.48,0.51,0.18,0.5,0.0,0.52,0.27,0
154,0.6,0.5,0.44,0.61,0.5,0.0,0.47,0.22,0
155,0.42,0.44,0.48,0.54,0.5,0.0,0.48,0.22,0
156,0.56,0.46,0.51,0.25,0.5,0.0,0.54,0.22,0
157,0.4,0.45,0.57,0.18,0.5,0.0,0.56,0.26,0
158,0.46,0.35,0.69,0.18,0.5,0.0,0.3,0.25,0
159,0.34,0.34,0.65,0.4,0.5,0.0,0.32,0.16,0
160,0.45,0.41,0.49,0.14,1.0,0.0,0.53,0.3,0
161,0.57,0.44,0.42,0.2,0.5,0.0,0.54,0.22,0
162,0.59,0.6,0.49,0.43,0.5,0.0,0.53,0.31,0
163,0.64,0.53,0.59,0.14,0.5,0.0,0.53,0.22,0
164,0.58,0.53,0.33,0.26,0.5,0.0,0.51,0.22,0
165,0.45,0.47,0.53,0.15,0.5,0.0,0.52,0.27,0
166,0.59,0.58,0.46,0.19,0.5,0.0,0.56,0.27,0
167,0.46,0.38,0.51,0.2,0.5,0.0,0.51,0.22,0
168,0.63,0.67,0.57,0.24,0.5,0.0,0.49,0.22,0
169,0.45,0.4,0.5,0.16,0.5,0.0,0.5,0.22,0
170,0.5,0.58,0.46,0.46,0.5,0.0,0.46,0.22,0
171,0.49,0.43,0.48,0.15,0.5,0.0,0.55,0.25,0
172,0.43,0.57,0.51,0.49,0.5,0.0,0.48,0.22,0
173,0.45,0.5,0.57,0.29,0.5,0.0,0.44,0.11,0
174,0.47,0.61,0.5,0.23,0.5,0.0,0.49,0.22,0
175,0.44,0.35,0.55,0.14,0.5,0.0,0.52,0.22,0
176,0.44,0.51,0.53,0.3,0.5,0.0,0.53,0.22,0
177,0.51,0.58,0.54,0.29,0.5,0.0,0.53,0.22,0
178,0.53,0.59,0.48,0.14,0.5,0.0,0.51,0.22,0
179,0.42,0.44,0.33,0.17,0.5,0.0,0.54,0.27,0
180,0.6,0.51,0.49,0.18,0.5,0.0,0.53,0.38,0
181,0.61,0.73,0.5,0.58,0.5,0.0,0.5,0.22,0
182,0.42,0.65,0.58,0.34,0.5,0.0,0.5,0.22,0
183,0.68,0.5,0.55,0.65,0.5,0.0,0.46,0.31,0
184,0.25,0.42,0.21,0.14,0.5,0.0,0.41,0.22,0
185,0.64,0.44,0.51,0.35,0.5,0.0,0.53,0.22,0
186,0.62,0.58,0.46,0.13,0.5,0.0,0.53,0.22,0
187,0.39,0.55,0.48,0.31,0.5,0.0,0.54,0.29,0
188,0.45,0.43,0.5,0.25,0.5,0.0,0.47,0.22,0
189,0.52,0.65,0.36,0.37,0.5,0.0,0.52,0.34,0
190,0.56,0.48,0.5,0.17,0.5,0.0,0.51,0.26,0
191,0.42,0.5,0.64,0.13,0.5,0.0,0.49,0.22,0
192,0.41,0.47,0.58,0.62,0.5,0.0,0.5,0.22,0
193,0.51,0.68,0.49,0.59,0.5,0.0,0.54,0.27,0
194,0.58,0.51,0.49,0.27,0.5,0.0,0.57,0.29,0
195,0.49,0.31,0.43,0.24,0.5,0.0,0.54,0.22,0
196,0.4,0.62,0.52,0.31,0.5,0.0,0.49,0.31,0
197,0.47,0.65,0.54,0.62,0.5,0.0,0.53,0.36,0
198,0.43,0.46,0.5,0.21,0.5,0.0,0.49,0.34,0
199,0.41,0.49,0.55,0.13,0.5,0.0,0.55,0.22,0
200,0.52,0.54,0.47,0.49,0.5,0.0,0.54,0.22,0
201,0.64,0.57,0.57,0.27,0.5,0.0,0.37,0.22,0
202,0.8,0.46,0.5,0.15,0.5,0.0,0.53,0.22,0
203,0.46,0.59,0.38,0.12,0.5,0.0,0.5,0.22,0
204,0.45,0.53,0.47,0.43,0.5,0.0,0.5,0.27,0
205,0.54,0.51,0.54,0.52,0.5,0.0,0.47,0.25,0
206,0.39,0.37,0.33,0.23,0.5,0.0,0.53,0.26,0
207,0.52,0.5,0.59,0.31,0.5,0.0,0.5,0.22,0
208,0.44,0.44,0.67,0.35,0.5,0.0,0.48,0.26,0
209,0.49,0.46,0.34,0.21,0.5,0.0,0.55,0.22,0
210,0.4,0.42,0.71,0.21,0.5,0.0,0.54,0.32,0
211,0.45,0.53,0.51,0.42,0.5,0.0,0.52,0.22,0
212,0.58,0.61,0.47,0.13,0.5,0.0,0.48,0.22,0
213,0.57,0.54,0.32,0.15,0.5,0.0,0.52,0.25,0
214,0.52,0.43,0.61,0.22,0.5,0.0,0.45,0.22,0
215,0.45,0.66,0.39,0.11,0.5,0.0,0.54,0.22,0
216,0.34,0.54,0.54,0.13,0.5,0.0,0.52,0.22,0
217,0.41,0.4,0.56,0.17,0.5,0.0,0.56,0.22,0
218,0.58,0.52,0.61,0.33,0.5,0.0,0.38,0.11,0
219,0.6,0.5,0.57,0.25,0.5,0.0,0.41,0.26,0
220,0.39,0.81,0.35,0.28,0.5,0.0,0.51,0.45,0
221,0.57,0.4,0.62,0.3,0.5,0.0,0.48,0.11,0
222,0.72,0.37,0.63,0.38,0.5,0.0,0.4,0.14,0
223,0.53,0.42,0.58,0.29,0.5,0.0,0.5,0.22,0
224,0.27,0.43,0.5,0.13,0.5,0.0,0.54,0.31,0
225,0.66,0.6,0.52,0.19,0.5,0.0,0.69,0.22,0
226,0.37,0.58,0.44,0.51,0.5,0.0,0.44,0.22,0
227,0.5,0.48,0.48,0.23,0.5,0.0,0.53,0.68,0
228,0.3,0.56,0.55,0.18,0.5,0.0,0.5,0.22,0
229,0.56,0.52,0.55,0.19,0.5,0.0,0.54,0.22,0
230,0.66,0.62,0.52,0.17,0.5,0.0,0.49,0.22,0
231,0.43,0.32,0.5,0.29,0.5,0.0,0.5,0.22,0
232,0.4,0.45,0.42,0.17,0.5,0.0,0.54,0.26,0
233,0.28,0.48,0.36,0.16,0.5,0.0,0.53,0.22,0
234,0.26,0.3,0.37,0.15,0.5,0.0,0.53,0.25,0
235,0.47,0.5,0.6,0.63,0.5,0.0,0.38,0.16,0
236,0.35,0.4,0.53,0.18,0.5,0.0,0.42,0.38,0
237,0.42,0.47,0.52,0.41,0.5,0.0,0.53,0.32,0
238,0.42,0.46,0.44,0.17,0.5,0.0,0.51,0.42,0
239,0.52,0.4,0.6,0.12,0.5,0.0,0.55,0.22,0
240,0.47,0.49,0.6,0.15,0.5,0.0,0.38,0.22,0
241,0.41,0.51,0.58,0.15,0.5,0.0,0.45,0.27,0
242,0.64,0.53,0.45,0.13,0.5,0.0,0.53,0.22,0
243,0.72,0.61,0.37,0.3,0.5,0.0,0.57,0.22,0
244,0.37,0.33,0.5,0.12,0.5,0.0,0.51,0.54,0
245,0.46,0.45,0.56,0.16,0.5,0.0,0.56,0.22,0
246,0.43,0.33,0.67,0.12,0.5,0.0,0.45,0.23,0
247,0.57,0.35,0.5,0.43,0.5,0.0,0.53,0.22,0
248,0.53,0.44,0.51,0.33,0.5,0.0,0.55,0.22,0
249,0.47,0.56,0.53,0.44,0.5,0.0,0.53,0.22,0
250,0.7,0.84,0.49,0.28,1.0,0.0,0.58,0.22,0
251,0.47,0.59,0.43,0.13,0.5,0.0,0.56,0.3,0
252,0.6,0.59,0.45,0.23,0.5,0.0,0.55,0.22,0
253,0.75,0.69,0.48,0.13,0.5,0.0,0.57,0.4,0
254,0.67,0.68,0.46,0.29,0.5,0.0,0.46,0.22,0
255,0.42,0.35,0.54,0.18,0.5,0.0,0.56,0.22,0
256,0.54,0.48,0.44,0.08,0.5,0.0,0.52,0.27,0
257,0.53,0.68,0.34,0.42,0.5,0.0,0.54,0.27,0
258,0.32,0.47,0.55,0.25,0.5,0.0,0.49,0.22,0
259,0.48,0.5,0.56,0.11,0.5,0.0,0.33,0.22,0
260,0.57,0.36,0.51,0.25,0.5,0.0,0.54,0.25,0
261,0.44,0.42,0.6,0.21,0.5,0.0,0.57,0.22,0
262,0.55,0.66,0.57,0.32,0.5,0.0,0.57,0.34,0
263,0.7,0.65,0.54,0.28,0.5,0.0,0.6,0.4,0
264,0.58,0.57,0.54,0.69,0.5,0.0,0.54,0.22,0
265,0.45,0.43,0.63,0.4,0.5,0.0,0.59,0.11,0
266,0.39,0.44,0.35,0.16,0.5,0.0,0.55,0.22,0
267,0.42,0.58,0.41,0.65,0.5,0.0,0.46,0.26,0
268,0.59,0.43,0.52,0.19,0.5,0.0,0.55,0.27,0
269,0.51,0.38,0.42,0.21,0.5,0.0,0.46,0.34,0
270,0.4,0.74,0.49,0.16,0.5,0.0,0.51,0.22,0
271,0.44,0.56,0.52,0.18,0.5,0.0,0.5,0.11,0
272,0.58,0.38,0.4,0.21,0.5,0.0,0.5,0.22,0
273,0.51,0.59,0.55,0.21,0.5,0.0,0.52,0.22,0
274,0.55,0.46,0.53,0.11,0.5,0.0,0.52,0.48,0
275,0.63,0.53,0.54,0.4,0.5,0.0,0.5,0.22,0
276,0.36,0.46,0.43,0.19,0.5,0.0,0.48,0.22,0
277,0.44,0.59,0.36,0.16,0.5,0.0,0.52,0.22,0
278,0.58,0.53,0.38,0.18,0.5,0.0,0.52,0.22,0
279,0.35,0.5,0.44,0.27,0.5,0.0,0.51,0.22,0
280,0.51,0.48,0.46,0.29,0.5,0.0,0.54,0.22,0
281,0.46,0.71,0.48,0.53,0.5,0.0,0.53,0.22,0
282,0.51,0.46,0.4,0.65,0.5,0.0,0.49,0.22,0
283,0.4,0.39,0.6,0.15,0.5,0.0,0.58,0.3,0
284,0.43,0.45,0.37,0.12,0.5,0.0,0.48,0.22,0
285,0.41,0.45,0.46,0.23,0.5,0.0,0.5,0.7,0
286,0.5,0.34,0.62,0.19,0.5,0.0,0.57,0.22,0
287,0.41,0.48,0.38,0.13,0.5,0.0,0.51,0.35,0
288,0.44,0.53,0.53,0.37,0.5,0.0,0.51,0.22,0
289,0.42,0.43,0.56,0.1,0.5,0.0,0.49,0.22,0
290,0.66,0.54,0.53,0.17,0.5,0.0,0.54,0.22,0
291,0.46,0.49,0.58,0.23,0.5,0.0,0.44,0.22,0
292,0.57,0.61,0.55,0.27,0.5,0.0,0.44,0.21,0
293,0.45,0.56,0.53,0.32,0.5,0.0,0.57,0.22,0
294,0.38,0.61,0.61,0.12,0.5,0.0,0.53,0.47,0
295,0.44,0.54,0.51,0.16,0.5,0.0,0.58,0.22,0
296,0.37,0.36,0.56,0.18,0.5,0.0,0.48,0.26,0
297,0.53,0.51,0.55,0.57,0.5,0.0,0.46,0.22,0
298,0.41,0.54,0.58,0.2,0.5,0.0,0.52,0.22,0
299,0.51,0.48,0.51,0.26,0.5,0.0,0.51,0.27,0
300,0.57,0.6,0.54,0.17,0.5,0.0,0.52,0.22,0
301,0.32,0.42,0.52,0.24,0.5,0.0,0.6,0.22,0
302,0.48,0.48,0.56,0.18,0.5,0.0,0.58,0.22,0
303,0.49,0.55,0.35,0.23,0.5,0.0,0.57,0.22,0
304,0.61,0.48,0.54,0.25,0.5,0.0,0.5,0.22,0
305,0.52,0.51,0.48,0.12,0.5,0.0,0.54,0.31,0
306,0.55,0.69,0.51,0.12,0.5,0.0,0.51,0.22,0
307,0.49,0.4,0.58,0.23,0.5,0.0,0.47,0.27,0
308,0.73,0.59,0.35,0.15,0.5,0.0,0.54,0.22,0
309,0.72,0.62,0.34,0.29,0.5,0.0,0.56,0.28,0
310,0.33,0.49,0.46,0.22,0.5,0.0,0.53,0.33,0
311,0.53,0.61,0.51,0.49,0.5,0.0,0.54,0.27,0
312,0.48,0.35,0.42,0.21,0.5,0.0,0.57,0.22,0
313,0.59,0.58,0.47,0.61,0.5,0.0,0.44,0.3,0
314,0.45,0.55,0.54,0.66,0.5,0.0,0.47,0.22,0
315,0.51,0.52,0.58,0.17,0.5,0.0,0.47,0.28,0
316,0.57,0.57,0.44,0.37,0.5,0.0,0.52,0.25,0
317,0.8,0.82,0.57,0.26,0.5,0.0,0.57,0.27,0
318,0.4,0.51,0.42,0.13,0.5,0.0,0.45,0.25,0
319,0.37,0.3,0.62,0.43,0.5,0.0,0.44,0.39,0
320,0.19,0.41,0.55,0.13,0.5,0.0,0.52,0.25,0
321,0.43,0.33,0.67,0.12,0.5,0.0,0.43,0.23,0
322,0.59,0.48,0.5,0.14,0.5,0.0,0.45,0.25,0
323,0.32,0.32,0.52,0.18,0.5,0.0,0.48,0.34,0
324,0.57,0.61,0.55,0.67,0.5,0.0,0.48,0.22,0
325,0.46,0.38,0.47,0.22,0.5,0.0,0.52,0.27,0
326,0.41,0.54,0.39,0.2,0.5,0.0,0.51,0.22,0
327,0.28,0.51,0.55,0.19,0.5,0.0,0.57,0.22,0
328,0.51,0.63,0.3,0.35,0.5,0.0,0.53,0.27,0
329,0.4,0.48,0.5,0.17,0.5,0.0,0.54,0.5,0
330,0.57,0.58,0.58,0.35,0.5,0.0,0.49,0.22,0
331,0.58,0.62,0.54,0.17,0.5,0.0,0.48,0.22,0
332,0.68,0.68,0.35,0.16,0.5,0.0,0.62,0.22,0
333,0.61,0.54,0.49,0.19,0.5,0.0,0.54,0.47,0
334,0.61,0.48,0.56,0.19,0.5,0.0,0.53,0.31,0
335,0.36,0.68,0.38,0.08,0.5,0.0,0.53,0.25,0
336,0.39,0.37,0.33,0.23,0.5,0.0,0.52,0.26,0
337,0.38,0.4,0.66,0.35,0.5,0.0,0.43,0.11,0
338,0.56,0.59,0.45,0.15,0.5,0.0,0.54,0.22,0
339,0.47,0.6,0.35,0.21,0.5,0.0,0.52,0.22,0
340,0.44,0.43,0.34,0.21,0.5,0.0,0.55,0.4,0
341,0.48,0.41,0.52,0.33,0.5,0.0,0.51,0.26,0
342,0.51,0.46,0.49,0.21,0.5,0.0,0.55,0.22,0
343,0.45,0.57,0.3,0.17,0.5,0.0,0.51,0.22,0
344,0.39,0.47,0.49,0.2,0.5,0.0,0.53,0.26,0
345,0.42,0.32,0.48,0.16,0.5,0.0,0.55,0.22,0
346,0.6,0.54,0.54,0.53,0.5,0.0,0.52,0.27,0
347,0.41,0.4,0.59,0.47,0.5,0.0,0.48,0.43,0
348,0.55,0.53,0.54,0.4,0.5,0.0,0.48,0.22,0
349,0.52,0.5,0.6,0.2,0.5,0.0,0.52,0.22,0
350,0.5,0.55,0.52,0.16,0.5,0.0,0.51,0.31,0
351,0.39,0.65,0.57,0.19,0.5,0.0,0.44,0.25,0
352,0.59,0.57,0.43,0.26,0.5,0.0,0.51,0.22,0
353,0.48,0.48,0.5,0.47,0.5,0.0,0.55,0.22,0
354,0.56,0.44,0.56,0.19,0.5,0.0,0.54,0.22,0
355,0.45,0.48,0.63,0.67,0.5,0.0,0.48,0.22,0
356,0.62,0.43,0.49,0.29,0.5,0.0,0.5,0.27,0
357,0.39,0.58,0.5,0.1,0.5,0.0,0.51,0.25,0
358,0.52,0.45,0.53,0.34,0.5,0.0,0.52,0.44,0
359,0.5,0.46,0.64,0.36,0.5,0.0,0.49,0.22,0
360,0.5,0.52,0.6,0.51,0.5,0.0,0.48,0.22,0
361,0.63,0.47,0.56,0.12,0.5,0.0,0.5,0.22,0
362,0.37,0.41,0.45,0.14,0.5,0.0,0.47,0.22,0
363,0.3,0.37,0.4,0.45,0.5,0.0,0.48,0.41,0
364,0.59,0.56,0.5,0.48,0.5,0.0,0.46,0.22,0
365,0.36,0.35,0.47,0.22,0.5,0.0,0.44,0.31,0
366,0.66,0.55,0.54,0.18,0.5,0.0,0.43,0.22,0
367,0.51,0.51,0.52,0.51,0.5,0.0,0.54,0.22,0
368,0.63,0.61,0.41,0.22,0.5,0.0,0.51,0.22,0
369,0.67,0.62,0.54,0.43,0.5,0.0,0.53,0.22,0
370,0.38,0.4,0.59,0.25,0.5,0.0,0.44,0.22,0
371,0.46,0.53,0.52,0.15,0.5,0.0,0.58,0.22,0
372,0.37,0.42,0.51,0.11,0.5,0.0,0.57,0.22,0
373,0.44,0.34,0.55,0.18,0.5,0.0,0.52,0.22,0
374,0.23,0.29,0.46,0.0,0.5,0.0,0.43,0.31,0
375,0.47,0.46,0.49,0.27,0.5,0.0,0.59,0.22,0
376,0.53,0.52,0.49,0.27,0.5,0.0,0.51,0.22,0
377,0.38,0.48,0.57,0.3,0.5,0.0,0.41,0.11,0
378,0.38,0.49,0.53,0.19,0.5,0.0,0.5,0.22,0
379,0.4,0.44,0.5,0.13,0.5,0.0,0.52,0.39,0
380,0.43,0.57,0.53,0.53,0.5,0.0,0.53,0.25,0
381,0.49,0.45,0.53,0.16,0.5,0.0,0.49,0.31,0
382,0.61,0.59,0.47,0.49,0.5,0.0,0.54,0.22,0
383,0.36,0.58,0.35,0.24,0.5,0.0,0.44,0.22,0
384,0.55,0.46,0.47,0.15,0.5,0.0,0.47,0.22,0
385,0.52,0.47,0.58,0.18,0.5,0.0,0.34,0.11,0
386,0.54,0.55,0.34,0.31,0.5,0.0,0.54,0.22,0
387,0.35,0.21,1.0,0.8,0.5,0.0,0.13,0.01,0
388,0.63,0.6,0.5,0.27,0.5,0.0,0.55,0.22,0
389,0.51,0.48,0.51,0.43,0.5,0.0,0.49,0.22,0
390,0.54,0.55,0.42,0.22,0.5,0.0,0.48,0.22,0
391,0.52,0.65,0.36,0.26,0.5,0.0,0.44,0.22,0
392,0.48,0.61,0.44,0.2,0.5,0.0,0.47,0.22,0
393,0.59,0.65,0.52,0.3,0.5,0.0,0.46,0.31,0
394,0.46,0.35,0.69,0.18,0.5,0.0,0.3,0.25,0
395,0.55,0.56,0.45,0.14,0.5,0.0,0.54,0.22,0
396,0.47,0.56,0.46,0.5,0.5,0.0,0.51,0.22,0
397,0.41,0.52,0.53,0.41,0.5,0.0,0.39,0.33,0
398,0.7,0.78,0.53,0.24,0.5,0.0,0.48,0.22,0
399,0.39,0.45,0.75,0.17,0.5,0.0,0.51,0.22,0
400,0.51,0.56,0.51,0.42,0.5,0.0,0.53,0.36,0
401,0.37,0.4,0.38,0.18,0.5,0.0,0.51,0.22,0
402,0.54,0.47,0.58,0.4,0.5,0.0,0.46,0.27,0
403,0.63,0.54,0.53,0.27,0.5,0.0,0.49,0.22,0
404,0.34,0.54,0.5,0.21,0.5,0.0,0.54,0.31,0
405,0.39,0.4,0.53,0.67,0.5,0.0,0.47,0.22,0
406,0.53,0.41,0.5,0.24,1.0,0.0,0.47,0.22,0
407,0.6,0.57,0.64,0.52,0.5,0.0,0.47,0.28,0
408,0.55,0.38,0.64,0.42,0.5,0.0,0.47,0.22,0
409,0.53,0.45,0.52,0.29,0.5,0.0,0.55,0.38,0
410,0.51,0.51,0.56,0.28,0.5,0.0,0.54,0.27,0
411,0.4,0.42,0.57,0.35,0.5,0.0,0.53,0.25,0
412,0.51,0.46,0.57,0.25,0.5,0.0,0.53,0.22,0
413,0.45,0.57,0.38,0.28,0.5,0.0,0.53,0.31,0
414,0.56,0.5,0.61,0.49,0.5,0.0,0.46,0.28,0
415,0.65,0.63,0.47,0.22,0.5,0.0,0.52,0.27,0
416,0.49,0.6,0.55,0.17,0.5,0.0,0.44,0.22,0
417,0.41,0.53,0.45,0.14,0.5,0.0,0.52,0.66,0
418,0.57,0.48,0.54,0.22,0.5,0.0,0.5,0.11,0
419,0.45,0.5,0.43,0.16,0.5,0.0,0.52,0.28,0
420,0.72,0.61,0.45,0.3,0.5,0.0,0.54,0.25,0
421,0.56,0.68,0.42,0.36,0.5,0.0,0.49,0.22,0
422,0.22,0.53,0.36,0.22,0.5,0.0,0.54,0.31,0
423,0.43,0.52,0.53,0.52,1.0,0.0,0.49,0.22,0
424,0.43,0.6,0.4,0.12,0.5,0.0,0.49,0.29,0
425,0.5,0.46,0.49,0.27,0.5,0.0,0.6,0.22,0
426,0.35,0.53,0.35,0.33,0.5,0.0,0.5,0.32,0
427,0.61,0.46,0.54,0.11,0.5,0.0,0.47,0.22,0
428,0.54,0.54,0.49,0.14,0.5,0.0,0.56,0.22,0
429,0.46,0.49,0.45,0.28,0.5,0.0,0.55,0.22,0
430,0.38,0.5,0.52,0.44,0.5,0.0,0.54,0.11,0
431,0.47,0.39,0.59,0.15,0.5,0.0,0.57,0.22,0
432,0.49,0.31,0.34,0.13,0.5,0.0,0.52,0.22,0
433,0.53,0.45,0.53,0.18,0.5,0.0,0.42,0.22,0
434,0.73,0.6,0.47,0.2,0.5,0.0,0.72,0.22,0
435,0.6,0.62,0.54,0.4,0.5,0.0,0.5,0.22,0
436,0.37,0.51,0.57,0.4,0.5,0.0,0.48,0.27,0
437,0.36,0.33,0.38,0.15,0.5,0.0,0.55,0.36,0
438,0.42,0.45,0.75,0.21,0.5,0.0,0.48,0.22,0
439,0.39,0.45,0.53,0.18,0.5,0.0,0.54,0.22,0
440,0.44,0.41,0.58,0.2,0.5,0.0,0.57,0.25,0
441,0.36,0.51,0.51,0.17,0.5,0.0,0.52,0.22,0
442,0.47,0.43,0.35,0.32,0.5,0.0,0.54,0.22,0
443,0.75,0.67,0.51,0.29,0.5,0.0,0.52,0.36,0
444,0.28,0.58,0.21,0.13,0.5,0.0,0.51,0.22,0
445,0.31,0.45,0.5,0.17,0.5,0.0,0.49,0.22,0
446,0.46,0.35,0.53,0.16,0.5,0.0,0.51,0.29,0
447,0.64,0.44,0.56,0.15,0.5,0.0,0.56,0.22,0
448,0.28,0.48,0.56,0.16,0.5,0.0,0.48,0.26,0
449,0.31,0.51,0.38,0.18,0.5,0.0,0.46,0.31,0
450,0.48,0.39,0.49,0.18,0.5,0.0,0.51,0.22,0
451,0.64,0.59,0.56,0.23,0.5,0.0,0.46,0.22,0
452,0.59,0.7,0.46,0.19,0.5,0.0,0.54,0.44,0
453,0.47,0.59,0.56,0.09,0.5,0.0,0.5,0.22,0
454,0.43,0.57,0.53,0.16,0.5,0.0,0.54,0.22,0
455,0.41,0.43,0.5,0.28,0.5,0.0,0.5,0.22,0
456,0.43,0.45,0.54,0.14,0.5,0.0,0.5,0.31,0
457,0.42,0.31,0.62,0.12,0.5,0.0,0.4,0.22,0
458,0.32,0.36,0.34,0.19,0.5,0.0,0.55,0.26,0
459,0.42,0.52,0.4,0.17,0.5,0.0,0.5,0.26,0
460,0.37,0.44,0.64,0.48,0.5,0.0,0.36,0.27,0
461,0.32,0.38,0.52,0.2,0.5,0.0,0.52,0.28,0
462,0.46,0.39,0.54,0.22,0.5,0.0,0.48,0.25,0
463,0.25,0.4,0.54,0.16,0.5,0.0,0.43,0.22,0
464,0.48,0.58,0.58,0.12,0.5,0.0,0.49,0.22,0
465,0.32,0.45,0.39,0.14,0.5,0.0,0.45,0.22,0
466,0.5,0.47,0.45,0.14,0.5,0.0,0.53,0.32,0
467,0.59,0.46,0.57,0.17,0.5,0.0,0.52,0.22,0
468,0.47,0.41,0.46,0.18,0.5,0.0,0.53,0.22,0
469,0.5,0.47,0.56,0.31,0.5,0.0,0.56,0.26,0
470,0.42,0.51,0.39,0.22,0.5,0.0,0.49,0.26,0
471,0.52,0.56,0.55,0.16,0.5,0.0,0.53,0.39,0
472,0.4,0.43,0.36,0.33,0.5,0.0,0.51,0.22,0
473,0.5,0.45,0.52,0.18,0.5,0.0,0.52,0.22,0
474,0.58,0.55,0.52,0.22,0.5,0.0,0.44,0.22,0
475,0.46,0.61,0.55,0.29,0.5,0.0,0.49,0.22,0
476,0.41,0.49,0.65,0.28,0.5,0.0,0.59,0.57,0
477,0.52,0.64,0.34,0.16,0.5,0.0,0.57,0.22,0
478,0.46,0.42,0.51,0.16,0.5,0.0,0.56,0.22,0
479,0.55,0.53,0.55,0.46,0.5,0.0,0.52,0.22,0
480,0.39,0.3,0.63,0.2,0.5,0.0,0.43,0.47,0
481,0.48,0.52,0.49,0.35,0.5,0.5,0.51,0.22,0
482,0.6,0.61,0.54,0.11,0.5,0.0,0.46,0.22,0
483,0.53,0.51,0.36,0.13,0.5,0.0,0.52,0.22,0
484,0.46,0.4,0.38,0.18,0.5,0.0,0.49,0.22,0
485,0.52,0.46,0.34,0.2,0.5,0.0,0.51,0.25,0
486,0.53,0.68,0.42,0.19,0.5,0.0,0.53,0.22,0
487,0.47,0.54,0.54,0.48,0.5,0.0,0.53,0.26,0
488,0.36,0.37,0.63,0.25,0.5,0.0,0.3,0.22,0
489,0.47,0.53,0.48,0.51,0.5,0.0,0.54,0.22,0
490,0.2,0.34,0.33,0.1,0.5,0.0,0.48,0.31,0
491,0.48,0.44,0.46,0.37,0.5,0.0,0.46,0.36,0
492,0.6,0.48,0.46,0.32,0.5,0.0,0.4,0.33,0
493,0.51,0.39,0.58,0.19,0.5,0.0,0.47,0.22,0
494,0.5,0.52,0.51,0.22,0.5,0.0,0.46,0.37,0
495,0.25,0.35,0.22,0.18,0.5,0.0,0.46,0.22,0
496,0.45,0.39,0.46,0.29,0.5,0.0,0.42,0.22,0
497,0.49,0.44,0.45,0.22,0.5,0.0,0.51,0.22,0
498,0.46,0.55,0.61,0.13,0.5,0.0,0.47,0.22,0
499,0.46,0.14,0.36,0.21,0.5,0.0,0.5,0.25,0
500,0.38,0.47,0.47,0.18,0.5,0.0,0.44,0.26,0
501,0.5,0.54,0.48,0.65,0.5,0.0,0.53,0.22,0
502,0.46,0.52,0.51,0.13,0.5,0.0,0.47,0.22,0
503,0.43,0.28,0.41,0.32,0.5,0.0,0.52,0.22,0
504,0.33,0.46,0.53,0.12,0.5,0.0,0.5,0.27,0
505,0.35,0.56,0.36,0.3,0.5,0.0,0.53,0.25,0
506,0.6,0.64,0.56,0.36,0.5,0.0,0.46,0.27,0
507,0.55,0.42,0.34,0.3,0.5,0.0,0.52,0.22,0
508,0.38,0.62,0.52,0.14,0.5,0.0,0.53,0.22,0
509,0.81,0.65,0.52,0.41,0.5,0.0,0.57,0.26,0
510,0.51,0.55,0.35,0.16,0.5,0.0,0.51,0.47,0
511,0.63,0.64,0.49,0.2,0.5,0.0,0.52,0.25,0
512,0.47,0.5,0.55,0.19,0.5,0.0,0.62,0.22,0
513,0.32,0.44,0.54,0.21,0.5,0.0,0.4,0.19,0
514,0.46,0.43,0.38,0.33,0.5,0.0,0.48,0.28,0
515,0.35,0.52,0.48,0.22,0.5,0.0,0.26,0.22,0
516,0.28,0.18,0.72,0.26,0.5,0.0,0.49,0.25,0
517,0.55,0.5,0.6,0.31,0.5,0.0,0.46,0.27,0
518,0.61,0.72,0.39,0.33,0.5,0.0,0.58,0.22,0
519,0.52,0.55,0.39,0.09,1.0,0.0,0.55,0.25,0
520,0.5,0.56,0.49,0.61,0.5,0.0,0.5,0.22,0
521,0.56,0.35,0.47,0.41,0.5,0.0,0.5,0.22,0
522,0.48,0.49,0.45,0.23,0.5,0.0,0.51,0.22,0
523,0.5,0.46,0.52,0.16,0.5,0.0,0.52,0.26,0
524,0.4,0.42,0.71,0.21,0.5,0.0,0.54,0.32,0
525,0.55,0.59,0.52,0.1,0.5,0.0,0.53,0.22,0
526,0.41,0.52,0.41,0.11,0.5,0.0,0.54,0.35,0
527,0.62,0.6,0.47,0.16,0.5,0.0,0.53,0.22,0
528,0.33,0.36,0.62,0.26,0.5,0.0,0.55,0.22,0
529,0.46,0.33,0.45,0.22,0.5,0.0,0.41,0.37,0
530,0.58,0.53,0.5,0.53,0.5,0.0,0.47,0.31,0
531,0.46,0.54,0.71,0.15,0.5,0.0,0.59,0.22,0
532,0.36,0.56,0.52,0.18,0.5,0.0,0.45,0.16,0
533,0.59,0.48,0.49,0.49,0.5,0.0,0.36,0.32,0
534,0.64,0.64,0.56,0.21,0.5,0.0,0.5,0.22,0
535,0.63,0.55,0.53,0.51,0.5,0.0,0.55,0.22,0
536,0.34,0.25,0.55,0.28,0.5,0.0,0.51,0.49,0
537,0.53,0.53,0.6,0.13,0.5,0.0,0.49,0.22,0
538,0.43,0.35,0.52,0.52,0.5,0.0,0.54,0.22,0
539,0.51,0.46,0.54,0.41,0.5,0.0,0.53,0.22,0
540,0.38,0.68,0.44,0.45,0.5,0.0,0.53,0.22,0
541,0.35,0.39,0.56,0.2,0.5,0.0,0.49,0.41,0
542,0.51,0.34,0.43,0.18,0.5,0.0,0.48,0.25,0
543,0.39,1.0,0.38,0.41,0.5,0.0,0.5,0.27,0
544,0.37,0.55,0.29,0.32,0.5,0.0,0.51,0.22,0
545,0.39,0.58,0.47,0.18,0.5,0.0,0.48,0.22,0
546,0.55,0.72,0.35,0.26,0.5,0.0,0.49,0.22,0
547,0.52,0.77,0.38,0.34,0.5,0.0,0.51,0.22,0
548,0.47,0.47,0.58,0.16,0.5,0.0,0.49,0.28,0
549,0.34,0.4,0.3,0.23,0.5,0.0,0.51,0.22,0
550,0.42,0.42,0.42,0.2,0.5,0.0,0.49,0.22,0
551,0.36,0.37,0.33,0.14,0.5,0.0,0.57,0.31,0
552,0.49,0.43,0.51,0.13,0.5,0.0,0.47,0.22,0
553,0.55,0.57,0.51,0.07,0.5,0.0,0.55,0.22,0
554,0.73,0.63,0.42,0.3,0.5,0.0,0.49,0.22,0
555,0.34,0.42,0.3,0.23,0.5,0.0,0.53,0.22,0
556,0.35,0.33,0.48,0.42,0.5,0.0,0.47,0.43,0
557,0.45,0.5,0.57,0.29,0.5,0.0,0.44,0.11,0
558,0.77,0.8,0.51,0.4,1.0,0.0,0.54,0.22,0
559,0.4,0.45,0.56,0.2,0.5,0.0,0.45,0.22,0
560,0.61,0.54,0.54,0.38,0.5,0.0,0.54,0.29,0
561,0.39,0.28,0.54,0.14,0.5,0.0,0.59,0.22,0
562,0.56,0.52,0.46,0.17,0.5,0.0,0.49,0.73,0
563,0.58,0.6,0.43,0.12,0.5,0.0,0.55,0.22,0
564,0.43,0.4,0.5,0.18,0.5,0.0,0.5,0.28,0
565,0.45,0.45,0.51,0.3,0.5,0.0,0.48,0.44,0
566,0.58,0.45,0.55,0.27,0.5,0.0,0.48,0.11,0
567,0.44,0.41,0.29,0.21,0.5,0.0,0.49,0.22,0
568,0.5,0.49,0.59,0.47,0.5,0.0,0.49,0.36,0
569,0.44,0.4,0.53,0.19,0.5,0.0,0.48,0.27,0
570,0.39,0.37,0.56,0.15,0.5,0.0,0.5,0.27,0
571,0.43,0.67,0.48,0.27,0.5,0.0,0.53,0.22,0
572,0.39,0.33,0.33,0.23,0.5,0.0,0.47,0.22,0
573,0.6,0.46,0.51,0.1,0.5,0.0,0.48,0.31,0
574,0.5,0.53,0.45,0.44,0.5,0.0,0.49,0.22,0
575,0.51,0.39,0.56,0.55,0.5,0.0,0.46,0.64,0
576,0.64,0.62,0.29,0.28,0.5,0.0,0.51,0.22,0
577,0.38,0.45,0.37,0.19,0.5,0.0,0.52,0.3,0
578,0.46,0.54,0.59,0.41,0.5,0.0,0.53,0.21,0
579,0.28,0.36,0.55,0.15,0.5,0.0,0.57,0.22,0
580,0.54,0.55,0.56,0.14,0.5,0.0,0.5,0.25,0
581,0.58,0.41,0.51,0.26,0.5,0.0,0.51,0.37,0
582,0.48,0.57,0.52,0.61,0.5,0.0,0.51,0.22,0
583,0.69,0.6,0.5,0.31,0.5,0.0,0.55,0.22,0
584,0.3,0.45,0.55,0.19,0.5,0.0,0.53,0.4,0
585,0.51,0.35,0.46,0.15,0.5,0.0,0.51,0.42,0
586,0.31,0.3,0.34,0.19,0.5,0.0,0.55,0.3,0
587,0.23,0.37,0.32,0.13,0.5,0.0,0.53,0.22,0
588,0.45,0.58,0.48,0.67,0.5,0.0,0.52,0.22,0
589,0.51,0.53,0.55,0.14,0.5,0.0,0.51,0.22,0
590,0.4,0.56,0.53,0.15,0.5,0.0,0.49,0.22,0
591,0.5,0.45,0.48,0.17,0.5,0.0,0.5,0.26,0
592,0.47,0.39,0.55,0.24,0.5,0.0,0.47,0.22,0
593,0.56,0.68,0.52,0.39,0.5,0.0,0.36,0.22,0
594,0.38,0.37,0.36,0.14,0.5,0.0,0.54,0.22,0
595,0.28,0.46,0.26,0.18,0.5,0.0,0.39,0.22,0
596,0.24,0.25,0.57,0.28,0.5,0.0,0.51,0.11,0
597,0.49,0.49,0.4,0.2,0.5,0.0,0.48,0.26,0
598,0.4,0.45,0.61,0.29,0.5,0.0,0.44,0.22,0
599,0.55,0.44,0.5,0.09,0.5,0.0,0.55,0.22,0
600,0.46,0.39,0.54,0.22,0.5,0.0,0.48,0.25,0
601,0.55,0.35,0.36,0.29,0.5,0.0,0.51,0.22,0
602,0.51,0.45,0.62,0.25,0.5,0.0,0.59,0.22,0
603,0.33,0.37,0.49,0.22,0.5,0.0,0.55,0.22,0
604,0.6,0.46,0.51,0.1,0.5,0.0,0.48,0.31,0
605,0.53,0.43,0.57,0.24,0.5,0.0,0.39,0.28,0
606,0.56,0.65,0.49,0.56,0.5,0.0,0.49,0.22,0
607,0.37,0.51,0.39,0.18,0.5,0.0,0.51,0.27,0
608,0.3,0.33,0.55,0.12,0.5,0.0,0.53,0.38,0
609,0.44,0.36,0.64,0.45,0.5,0.0,0.53,0.11,0
610,0.52,0.48,0.58,0.55,0.5,0.0,0.48,0.22,0
611,0.38,0.5,0.52,0.44,0.5,0.0,0.54,0.11,0
612,0.55,0.45,0.45,0.54,0.5,0.0,0.5,0.22,0
613,0.72,0.37,0.63,0.38,0.5,0.0,0.4,0.14,0
614,0.53,0.48,0.51,0.18,0.5,0.0,0.51,0.27,0
615,0.39,0.44,0.28,0.12,0.5,0.0,0.46,0.27,0
616,0.49,0.4,0.34,0.26,0.5,0.0,0.5,0.22,0
617,0.43,0.53,0.52,0.13,0.5,0.0,0.55,0.22,0
618,0.48,0.45,0.55,0.5,0.5,0.0,0.53,0.22,0
619,0.45,0.27,0.57,0.36,0.5,0.0,0.52,0.18,0
620,0.43,0.33,0.54,0.37,0.5,0.0,0.38,0.16,0
621,0.41,0.49,0.58,0.22,0.5,0.0,0.52,0.22,0
622,0.5,0.64,0.57,0.15,0.5,0.0,0.47,0.22,0
623,0.54,0.64,0.4,0.56,0.5,0.0,0.51,0.22,0
624,0.51,0.43,0.47,0.19,0.5,0.0,0.52,0.37,0
625,0.46,0.41,0.43,0.18,0.5,0.0,0.54,0.22,0
626,0.45,0.46,0.61,0.2,0.5,0.0,0.62,0.22,0
627,0.54,0.44,0.55,0.48,0.5,0.0,0.47,0.22,0
628,0.5,0.5,0.48,0.17,0.5,0.0,0.47,0.26,0
629,0.51,0.47,0.41,0.44,0.5,0.0,0.5,0.22,0
630,0.57,0.41,0.59,0.24,0.5,0.0,0.4,0.22,0
631,0.59,0.45,0.53,0.19,0.5,0.0,0.59,0.27,0
632,0.6,0.46,0.59,0.16,0.5,0.0,0.49,0.22,0
633,0.48,0.42,0.52,0.24,0.5,0.0,0.56,0.22,0
634,0.74,0.57,0.51,0.28,0.5,0.0,0.58,0.22,0
635,0.58,0.49,0.5,0.41,0.5,0.0,0.57,0.22,0
636,0.61,0.54,0.49,0.16,0.5,0.0,0.54,0.42,0
637,0.46,0.41,0.5,0.44,0.5,0.0,0.53,0.22,0
638,0.43,0.33,0.54,0.37,0.5,0.0,0.38,0.16,0
639,0.63,0.62,0.42,0.12,0.5,0.0,0.52,0.25,0
640,0.46,0.62,0.46,0.54,0.5,0.0,0.51,0.27,0
641,0.59,0.51,0.48,0.12,0.5,0.0,0.54,0.31,0
642,0.45,0.38,0.64,0.14,0.5,0.0,0.54,0.22,0
643,0.45,0.76,0.51,0.25,0.5,0.0,0.59,0.22,0
644,0.5,0.54,0.53,0.54,0.5,0.0,0.51,0.27,0
645,0.64,0.31,0.53,0.15,0.5,0.0,0.53,0.31,0
646,0.47,0.45,0.53,0.62,0.5,0.0,0.46,0.22,0
647,0.48,0.47,0.54,0.55,0.5,0.0,0.51,0.65,0
648,0.49,0.61,0.49,0.25,0.5,0.0,0.5,0.28,0
649,0.48,0.43,0.45,0.17,0.5,0.0,0.48,0.37,0
650,0.77,0.57,0.45,0.17,0.5,0.0,0.53,0.22,0
651,0.49,0.48,0.46,0.63,0.5,0.0,0.52,0.22,0
